<?xml version="1.0" encoding="us-ascii"?><XMLSettings xmlns:xsd="http://www.w3.org/2001/XMLSchema" xmlns:xsi="http://www.w3.org/2001/XMLSchema-instance"><NTLPath>NativesTableList_UDK-2012-05</NTLPath><InitFlags>All</InitFlags><bForceVersion>false</bForceVersion><bForceLicenseeMode>false</bForceLicenseeMode><Version>0</Version><LicenseeMode>0</LicenseeMode><Platform>PC</Platform><InitialCachePath /><bSuppressComments>false</bSuppressComments><PreBeginBracket>%NEWLINE%%TABS%</PreBeginBracket><PreEndBracket>%NEWLINE%%TABS%</PreEndBracket><Indention>4</Indention><VariableTypes><string>Engine.Actor.Skins:ObjectProperty</string><string>Engine.Actor.Components:ObjectProperty</string><string>Engine.SkeletalMeshComponent.AnimSets:ObjectProperty</string><string>Engine.SequenceOp.InputLinks:StructProperty</string><string>Engine.SequenceOp.OutputLinks:StructProperty</string><string>Engine.SequenceOp.VariableLinks:StructProperty</string><string>Engine.SequenceAction.Targets:ObjectProperty</string><string>XInterface.GUIComponent.Controls:ObjectProperty</string><string>Engine.Material.Expressions:ObjectProperty</string><string>Engine.ParticleSystem.Emitters:ObjectProperty</string></VariableTypes><UEModelAppPath /><HEXWorkshopAppPath /><States><State><Id>C:\Program Files (x86)\Steam\steamapps\common\rocketleague\TAGame\CookedPCConsole\Antenna_8Ball_SF.upk</Id></State><State><Id>Antenna_8Ball_SF</Id></State><State><Id>C:\Users\m4rti\Downloads\Decryptor\decrypted\Antenna_8Ball_SF_decrypted.upk</Id></State><State><Id>Antenna_8Ball_SF_decrypted</Id></State><State><Id>C:\Users\m4rti\source\repos\Martinii89\RLUPKT\ConsoleApp\bin\Debug\decrypted\antenna_bubbleblower_SF_decrypted.upk</Id><SearchObjectValue>Hat_Viking_Helmet_Textures</SearchObjectValue></State><State><Id>antenna_bubbleblower_SF_decrypted</Id></State><State><Id>C:\Program Files (x86)\Steam\steamapps\common\rocketleague\TAGame\CookedPCConsole\AkAudio.upk</Id></State><State><Id>AkAudio</Id></State></States></XMLSettings>