<?xml version="1.0" encoding="us-ascii"?><MRUManager xmlns:xsd="http://www.w3.org/2001/XMLSchema" xmlns:xsi="http://www.w3.org/2001/XMLSchema-instance"><Files><string>C:\Users\m4rti\source\repos\Martinii89\RLUPKT\ConsoleApp\bin\Debug\decrypted\antenna_bubbleblower_SF_decrypted.upk</string><string>C:\Program Files (x86)\Steam\steamapps\common\rocketleague\TAGame\CookedPCConsole\Antenna_8Ball_SF.upk</string><string>C:\Users\m4rti\Downloads\Decryptor\decrypted\Antenna_8Ball_SF_decrypted.upk</string><string>C:\Program Files (x86)\Steam\steamapps\common\rocketleague\TAGame\CookedPCConsole\AkAudio.upk</string></Files></MRUManager>